{"cameraMode":{"drawMode":0,"name":"Shaded","section":"Shading Mode"},"sceneLighting":false,"audioPlay":false,"sceneViewState":{"showFog":true,"showMaterialUpdate":false,"showSkybox":false,"showFlares":true,"showImageEffects":true,"showParticleSystems":true},"in2DMode":false,"pivot":{"x":16.22712516784668,"y":0.6881975531578064,"z":-0.012392309494316578},"rotation":{"x":0.08697463572025299,"y":-0.7160771489143372,"z":0.09070537984371185,"w":0.6866159439086914},"size":4.915189266204834,"orthographic":false}